{
    "congo, the democratic republic of the": "dr congo",
    "democratic republic of the congo": "dr congo",
    "democratic republic of congo": "dr congo",
    "drc": "dr congo",
    "congo (democratic republic)": "dr congo",
    "republic of the congo": "republic of the congo",
    "congo": "republic of the congo",
    "congo-brazzaville": "republic of the congo",
    "russian federation": "russia",
    "russian fed": "russia",
    "united states of america": "united states",
    "usa": "united states",
    "u.s.a.": "united states",
    "u.s.": "united states",
    "the united states": "united states",
    "the united states of america": "united states",
    "u.s.a": "united states",
    "united states.": "united states",
    "republic of korea": "south korea",
    "holland": "netherlands",
    "the netherlands": "netherlands",
    "burma": "myanmar",
    "czech republic": "czech republic (czechia)",
    "czechia": "czech republic (czechia)",
    "netherlands": "netherlands",
    "ivory coast": "ivory coast",
    "east timor": "timor-leste",
    "timor-leste": "timor-leste",
    "cape verde": "cape verde",
    "cabo verde": "cape verde",
    "the gambia": "gambia",
    "guinea bissau": "guinea-bissau",
    "são tomé and principe": "sao tome and principe",
    "the bahamas": "bahamas",
    "micronesia, federated states of": "micronesia",
    "equatorial-guinea": "equatorial guinea",
    "federated states micronesia": "micronesia",
    "xk": "kosovo",
    "kyrgyz republic": "kyrgyzstan",
    "bosnia and herzegovina": "bosnia and herzegovina",
    "bosnia": "bosnia and herzegovina",
    "macedonia": "north macedonia",
    "north macedonia": "north macedonia",
    "swaziland": "eswatini",
    "eswatini": "eswatini",
    "lao peoples democratic republic": "laos",
    "gaza": "palestine",
    "gaza city": "palestine",
    "gaza strip": "palestine",
    "turkiet": "turkey",
    "türkiye": "turkey",
    "méxico": "mexico",
    "republic of congo": "republic of the congo",
    "palestine, state of": "palestine",
    "state of palestine": "palestine",
    "panam\\u00e1": "panama",
    "brunei darussalam": "brunei",
    "iran, islamic republic of": "iran",
    "american samoa": "samoa",
    "bolivia, plurinational state of": "bolivia",
    "united kingdom": "united kingdom",
    "uk": "united kingdom",
    "great britain": "united kingdom",
    "britain": "united kingdom",
    "the united kingdom": "united kingdom",
    "england": "united kingdom",
    "wales": "united kingdom",
    "northern ireland": "united kingdom",
    "isle of man": "united kingdom",
    "scotland": "united kingdom",
    "u.k.": "united kingdom",
    "u.k": "united kingdom",
    "burkina-faso": "burkina faso",
    "venezuela, bolivarian republic of": "venezuela",
    "taiwan, province china": "china",
    "taiwan": "china",
    "taiwan, province of china": "china",
    "sint maarten": "sint maarten",
    "sint maarten (dutch part)": "sint maarten",
    "tanzania, united republic of": "tanzania",
    "united states virgin islands": "virgin islands, united states",
    "virgin islands, united states": "virgin islands, united states",
    "virgin islands, u.s.": "virgin islands, united states",
    "saint martin (french part)": "sint maarten",
    "myanmar": "myanmar",
    "islamic republic afghanistan": "afghanistan",
    "saudia arabia": "saudi arabia",
    "union the comoros": "comoros",
    "bénin": "benin",
    "china": "china",
    "western sahara": "west sahara",
    "virgin islands, british": "british virgin islands",
    "democratic republic of the timor-leste": "timor-leste",
    "democratic republic of timor-leste": "timor-leste",
    "curaçao": "curacao",
    "timor leste": "timor-leste",
    "korea, republic of": "south korea",
    "korea": "south korea",
    "syrian arab republic": "syria",
    "moldova, republic of": "moldova",
    "viet nam": "vietnam",
    "sicily": "italy",
    "cz": "czech republic (czechia)",
    "slovak republic": "slovakia",
    "saint lucia": "St Lucia",
    "st. lucia": "St Lucia",
    "st. vincent and the grenadines": "Saint Vincent and the Grenadines",
    "uae": "united arab emirates",
    "u.a.e": "united arab emirates",
    "u.a.e.": "united arab emirates",
    "abu dhabi": "united arab emirates",
    "dubai": "united arab emirates"
}
